x1,x2,x3,y
1.764052345967664,0.555962679709798,-1.5329210534301279,32.45390335028921
0.4001572083672233,0.8924738873315303,-1.7119701640942213,14.75846661474779
0.9787379841057392,-0.4223148241252707,0.04613505895568493,5.2251710071356765
2.240893199201458,0.10471402943328433,-0.9583744802265615,32.68798211638794
1.8675579901499675,0.2280533251240672,-0.08081161294374097,24.122815378229884
-0.977277879876411,0.20147994670443287,-0.7038590359904466,-3.2624923511543606
0.9500884175255894,0.5407735853003902,-0.7707843007065652,16.0085279237849
-0.1513572082976979,-1.8180776303835695,-0.4808453408727291,-9.993457295198937
-0.10321885179355784,-0.04932407014757259,0.7035855546433883,-4.18067061301887
0.41059850193837233,0.2390336012467649,0.9291451477686911,6.497079474860866
0.144043571160878,-1.0003303489537054,0.3711725526490392,-5.66089020378256
1.454273506962975,1.67398570701071,-0.9898225495471192,41.30974022248785
0.7610377251469934,0.16155926723816796,0.6436312754533384,8.825290924719967
0.12167501649282841,1.5634047450289295,0.6888966666079323,17.268722532720417
0.44386323274542566,-0.7905230218330772,0.27464720361244455,-5.828127001743576
0.33367432737426683,-0.907300121525327,-0.6036204360190907,-4.185689101698953
1.4940790731576061,0.2242522209656819,0.7088595753671403,18.60887316762849
-0.20515826376580087,-1.6786883628286566,0.42281857467666145,-10.11636159385665
0.31306770165090136,0.21496559062609352,-3.116856591599126,6.326197706366424
-0.8540957393017248,0.09721923200291803,0.6444520334110423,-3.4102842575373256
-2.5529898158340787,1.0156652815421012,-1.913742670861507,2.0791794007530537
0.6536185954403606,0.7010413411650971,0.6635615765913815,13.76439200500393
0.8644361988595057,-0.417477349885034,-0.1540723984248353,3.2002286332041203
-0.7421650204064419,-1.0974966547702447,1.193611680749198,-9.851541923047577
2.2697546239876076,1.7123052213432965,-0.09816121120593053,62.19085287420859
-1.4543656745987648,-0.79211502056515,-0.8866142600561124,-10.562174528708619
0.04575851730144607,-1.0455245570694658,-0.14735366458284366,-6.504656727179116
-0.1871838500258336,-1.0848560594614451,1.0598062949337745,-5.068309873011772
1.5327792143584575,1.1173053155366646,0.026246617861587385,32.503459534056866
1.469358769900285,-0.5189002044248521,-0.11433515987237679,12.050724618053328
0.1549474256969163,-0.7537044661806008,0.7435535155083369,-2.7914988324758205
0.37816251960217356,0.13768982590334733,0.21035936662981292,4.8778848615341
-0.8877857476301128,-0.20694471055729102,-0.005927405833231806,-6.629608632388102
-1.980796468223927,-0.6780954607862469,1.3660600684033315,-6.010847404908591
-0.3479121493261526,0.7539914669784796,1.5551140320590677,6.813627736854039
0.15634896910398005,1.0653154920979948,0.6133262263287012,14.54283154792094
1.2302906807277207,0.9853175089398669,-0.2859591514851729,24.813956077126903
1.2023798487844113,0.766919669661199,1.4969109935208271,20.323730634308507
-0.3873268174079523,0.4026255311300352,1.183119557331707,-1.1868858740573023
-0.30230275057533557,-1.775887999961829,0.7188971655282916,-7.12037864127679
-1.0485529650670926,1.6692508063769687,-1.216076580745861,12.918086967040958
-1.4200179371789752,0.30198921035755294,0.14067190330796092,2.872322105262353
-1.7062701906250126,0.6081564276006415,-0.7436721747008731,2.039031723978323
1.9507753952317897,1.1149623229474022,-0.15901225155435933,42.82207134235906
-0.5096521817516535,1.4333525028819918,0.2400569292967187,13.372364603789519
-0.4380743016111864,0.4183980113091925,0.10015940809062349,3.256623930630952
-1.2527953600499262,0.4355461592956536,-0.4751751058292485,-2.785189315440799
0.7774903558319101,-0.5992242774597194,1.2729537489199108,5.969271246645949
-1.6138978475579515,0.0330897511387602,-1.6961312668315431,-3.490698883841214
-0.2127402802139687,-0.8541612608143545,0.7301835311296144,-8.62504628183698
-0.8954665611936756,-0.7199405321418947,-1.857483271594538,-7.411033541604256
0.386902497859262,-0.8935744023141913,0.3825981367234629,-1.7945956668166696
-0.510805137568873,-0.15602389099728736,-0.8869043262838756,-6.004112548489715
-1.180632184122412,1.0490931879200103,0.8783037577325304,6.216835880138772
-0.028182228338654868,3.1709747732901796,0.08645252400759346,46.84242351550193
0.42833187053041766,0.18949963754791346,0.2477063784668243,4.475835032924476
0.06651722238316789,-1.34841308775612,-1.0182793255668514,-9.178738123993558
0.3024718977397814,1.264983329856256,-0.6545701349975839,19.269313399033592
-0.6343220936809636,-0.3007838764760271,0.20721739341095335,-7.595831854804949
-0.3627411659871381,-0.660608593976992,0.583569926909304,-6.352622534975351
-0.672460447775951,0.2098494779230553,2.9290962417638613,-2.3429617408304635
-0.3595531615405413,-1.2406245995562275,0.22285832310348672,-11.01863866662658
-0.813146282044454,0.22246316400860677,0.9760375253689257,-4.3960925464639695
-1.7262826023316769,-0.08837552319915497,-1.5569339325092606,-6.024236982264288
0.17742614225375283,0.09837790681547566,-1.329891861334063,-0.99150172024757
-0.4017809362082619,0.38141625420917086,-0.355494774608452,2.8813630425718944
-1.6301983469660446,0.0674922572408068,-1.1974276956385663,-3.52556561030404
0.4627822555257742,0.016338084112892493,1.4863992534663846,4.3619804707359355
-0.9072983643832422,0.2843145189979445,-0.41021869278032874,0.6794451106110988
0.05194539579613895,0.41540062617112683,1.3821818883931385,2.058355725010836
0.7290905621775369,-1.0314824603152577,1.4867824740856308,-3.844256536515927
0.12898291075741067,-1.4299912586854484,0.042779719883566894,-7.68683897564945
1.1394006845433007,-0.061638052172214755,0.501799753807639,7.534742599178962
-1.2348258203536526,-1.432735489934108,-0.0560994733409029,-10.477613236391253
0.402341641177549,0.08753147092167086,0.5384370003545387,2.3257835971473195
-0.6848100909403132,0.9387468756823101,0.48334185178057176,6.1977554374534325
-0.8707971491818818,0.6071116719160459,-0.12364962589203071,0.4714832333876955
-0.5788496647644155,-1.0481704068254731,0.5049699814628403,-5.053193372129453
-0.31155253212737266,-0.8602624519575188,1.7236962756672618,-5.740115244646697
0.05616534222974544,0.3283012950007554,0.7130162297109377,1.9032975088424657
-1.1651498407833565,-0.40129780513351004,0.32579961364062554,-7.212409547840357
0.9008264869541871,-0.31665529505210693,0.12476952104321241,4.825222003908736
0.46566243973045984,0.5969064812479539,-1.012673123768591,17.16397718230242
-1.5362436862772237,-0.9872866934576524,-1.0272968770754625,-10.596655413239061
1.4882521937955997,-0.40123470991118243,0.3233565314802586,12.986117855560531
1.8958891760305832,-0.8000824760846013,-1.3693911240471572,10.931333504493633
1.1787795711596507,-1.0431294980353556,-0.7663275989635832,2.7349792801642883
-0.17992483581235091,-0.8570781886711647,1.2815113403641332,-3.2786922375409095
-1.0707526215105425,0.6774621693464117,1.914229697062814,0.6916350337981013
1.0544517269311366,0.05182038948242156,-1.6659560767977184,13.506914673980203
-0.40317694697317963,-0.8791606288350748,1.626649562301582,-8.124498369469636
1.2224450703824274,-0.23110160759299653,-0.21143829084555663,9.657117305141158
0.2082749780768603,-1.6388073071221778,-0.015005087031364805,-8.975784568147672
0.9766390364837128,-0.7333128075836657,-0.11341163064273396,1.5674556393776213
0.3563663971744019,2.149574534867287,1.0805441270254872,31.743023704148758
0.7065731681919482,-0.0902438496657506,-1.607676579043177,2.8599257709979664
0.010500020720820478,0.7316589270303925,0.4561636113551334,10.758377136318892
1.7858704939058352,-0.06548837514448298,-0.9448701973880109,20.46821549329342
0.12691209270361992,0.34816923524180865,0.5707885293815738,4.988593830713206
0.40198936344470165,0.663258089679174,1.5427963382930518,8.928038974903028
1.8831506970562544,-1.1046165975264708,-0.00041732641262016675,14.393292887794763
-1.3477590611424464,-0.030936257273958937,0.37415508597080255,-4.725184492457844
-1.2704849984857336,1.5788651944164882,0.40955177823769134,10.950504334769342
0.9693967081580112,-0.795500550053291,-0.7995934996704901,-1.489160309451584
-1.17312340511416,-0.5664398537322193,1.5116393498843184,-6.418498610432175
1.9436211856492926,-0.30769127736700175,1.706468247260989,24.785405426472295
-0.41361898075974735,0.26902407317624666,0.701783372117029,-1.776828416994951
-0.7474548114407578,0.5249178636458827,0.07328543200764547,0.018057632322967865
1.9229420264803847,1.2674116548186567,-0.46189381535428464,41.77075215125806
1.4805147914344243,0.49949823346865946,-0.6264902231490875,23.671210149076064
1.8675589604265699,-0.06205312579833403,1.7108365825466556,22.88173783725173
0.9060446582753853,1.2591671296108138,1.4144150427290236,27.00045676968637
-0.8612256850547025,0.7041110221415822,-0.06366148878954943,3.415243207492612
1.9100649530990337,-1.4956795162570162,-1.5799305296711237,7.9897756887408855
-0.2680033709513804,2.5263682403559984,-2.832011869908987,32.93758664759608
0.8024563957963952,1.7699213881967337,-1.0834266602642797,31.927506769187158
0.947251967773748,-0.1682142227670741,-0.1306203959951194,5.364538228547832
-0.1550100930908342,0.37791010173847506,1.4006890344430014,2.3029652348563703
0.6140793703460803,1.3243587499958391,-0.6516562090577808,30.086760163573878
0.9222066715665268,-0.17220079269688263,0.5048154563405017,11.82907305621372
0.37642553115562943,0.7303517903770194,1.3031809616484324,11.529560165195381
-1.0994007905841945,1.1045784735714765,0.12853631685604816,9.360599753428355
0.298238174206056,-1.014825907734441,-0.14244786878884133,-5.415271058500219
1.3263858966870303,-0.6023318535828621,-1.308763514238608,8.163094928717065
-0.6945678597313655,0.9214083978105813,-1.2024753082044328,1.3968560757316966
-0.14963454032767076,0.4608144771488305,0.4160996344158233,1.5336413069053243
-0.43515355172163744,0.9237965603139469,-0.20090753320092672,5.171984954647042
1.8492637284793418,-0.13256801465371804,0.12253131765330154,21.77094315811792
0.6722947570124355,-0.289005210954233,-0.04727771569624714,3.267380838906526
0.40746183624111043,-1.9986394755833727,0.6641440493586505,-9.434950800057367
-0.7699160744453164,-1.1460004265074433,-0.7846874114294452,-10.711448219195013
0.5392491912918173,0.04706609465849369,-0.3355806435831669,4.793593132176414
-0.6743326606573761,0.8245572195642364,1.896182228633144,1.5497741510047067
0.03183055827435118,0.5311783665356953,-0.7997861383857707,4.379297961376005
-0.635846078378881,-0.12824197402770202,-0.2815754308001021,-4.958803028005463
0.6764332949464997,-0.27177156649069667,-0.5893867019785693,0.9439260039174813
0.5765908166149409,0.21717963263828013,0.4447813624072502,6.672429082069947
-0.20829875557799488,0.07821118109215218,1.0223923224420695,-2.313988477251489
0.3960067126616453,1.404545514939712,-0.49821161858610963,23.412100467911515
-1.0930615087305058,0.14644077047824985,-0.43141434110468524,-3.5139685760036086
-1.4912575927056055,-1.4812459621972984,-0.2789816053030303,-8.671542745187638
0.4393917012645369,-1.272558135032317,0.5298337834749577,-4.821524444721822
0.16667349537252904,1.5187593369635801,-0.7393953025101954,21.15235899801115
0.6350314368921064,-1.1711604614500803,-0.37595996597125914,-7.102126694286324
2.383144774863942,0.7644974530335336,-2.3721938715130153,44.65978826959509
0.9444794869904138,-0.2683727352093812,-1.3817450094949852,4.691164407043299
-0.9128222254441586,-0.16975829390248548,-0.11244375601928822,-5.340633421870731
1.117016288095853,-0.1341327827684201,0.8978641732031214,9.018756293558178
-1.3159074105115212,1.2213849594591983,0.2950757833018624,7.059192026292115
-0.461584604814709,-0.19284182854396467,-1.0987684566672995,-6.0360045594043195
-0.06824160532463124,-0.03331928284515295,-1.400256208127942,-1.892360643909453
1.7133427216493666,-1.5308034973994926,0.17468009289816874,5.281614716803405
-0.7447548220484399,0.2066905117080033,-1.6528036422528436,0.2536672515957903
-0.8264385386590144,0.5310425069780597,1.0659268187168889,1.4655863868626149
-0.0984525244254323,0.23914558065378702,0.06389619165017826,2.2972909140259814
-0.6634782863621074,1.3978962610867354,-1.607320159234058,10.737972374932712
1.126635922106507,0.05517135478023174,-0.9659538588418697,11.55188726363282
-1.0799315083634233,0.2989774561190176,-0.7243113192311228,-0.7149367999809761
-1.1474686524111024,1.648504010268179,-0.7731925102234387,13.961093911349003
-0.43782004474443403,-1.5500141893581478,-1.4899330082214923,-10.247172733534857
-0.4980324506923049,-0.45582534779936884,-0.8746625219888452,-3.6916653027632873
1.9295320538169858,1.4261587520192662,-0.6844015561404262,49.63124066367216
0.9494208069257608,0.9361291483110824,-0.7112857556104383,17.976148057760657
0.0875512413851909,0.6783800988404703,1.1279566249333806,8.64121816500553
-1.225435518830168,0.8326507394644783,0.10482780282721457,2.6815757248402776
0.8443629764015471,0.3270662091210221,-0.9932572174375524,12.535830658514737
-1.0002153473895647,1.6315974275322715,-0.33462160595412205,14.976437451079487
-1.5447710967776116,0.3777591697307179,-0.8795570973113842,-2.977387164985345
1.1880297923523018,0.23986710589527857,-0.300006659011757,12.153719650227439
0.3169426119248496,0.15895867412564327,0.8755091531413832,6.314264428958615
0.920858823780819,0.19286395555038602,0.2522707806121254,9.158354957780134
0.3187276529430212,-1.1570172808158679,2.2856011815280666,-7.309907862776859
0.8568306119026912,0.7706730544633433,0.3759274257674802,18.054136096226053
-0.6510255933001469,-0.13043973378332732,-0.913594509977107,-5.627969171626923
-1.0342428417844647,1.821915097860406,0.8097407308144474,12.052233449989474
0.681594518281627,-0.07565047058842289,1.0799312171425357,5.460720284845235
-0.8034096641738411,0.4209182841756566,1.0941669914439438,-1.784166374857554
-0.6895497777502005,0.24660218626133443,-1.0942409530350914,-0.20373601309349754
-0.45553250351734315,-0.6255570351092533,-0.1476374145148375,-7.855798034537888
0.01747915902505673,0.9921368285185058,1.1318119568284526,9.678964263207122
-0.35399391125348395,1.9050636405600176,-1.6847289588739411,20.53332246620926
-1.3749512934180188,-0.014777219659844777,-0.4994167610220383,-1.940801252361143
-0.6436184028328905,-0.3004787855854223,-1.4269376854269915,-3.58373342812709
-2.2234031522244266,-0.3550287310553741,-0.9325702298970132,-4.284133478757148
0.6252314510271875,-1.8923618933173414,-1.0124571527438062,-1.086739756726769
-1.6020576556067476,-0.17781314370301254,1.250569832543435,-5.133539491658913
-1.1043833394284506,0.25099811600832395,-0.2345380349087504,-4.54594027523742
0.052165079260974405,1.0547579251802828,-0.8633555813417826,13.977676071027403
-0.7395629963913133,0.9600477411499279,-1.0356057313844946,4.8043558201224
1.5430145954067358,-0.4164990824366925,0.1416671648715303,17.56434621150541
-1.2928569097234486,-0.27682299477388833,-0.011135627340667108,-3.9631046590083834
0.26705086934918293,1.123905305614439,1.344074374673427,14.92761869365472
-0.0392828182274956,-0.17346389707287913,0.5000166958573026,1.3928961222906255
-1.1680934977411974,-0.5100295397556169,-1.4317977780650375,-5.263578019716656
0.5232766605317537,1.3925184494342724,-0.6289807075912683,19.894827737060044
-0.1715463312222481,1.037585667050634,1.070072512070977,11.799699339227383
0.7717905512136674,0.018791791774257802,-0.6210826977013774,6.355379982934848
0.8235041539637314,-0.5937774477786675,1.734572174923709,2.0155436774609923
2.16323594928069,-2.011880319244709,-1.0982894313247467,10.727588160425805
1.336527949436392,0.5897036055747239,0.5726133530407902,20.5355683368924
-0.3691818379424436,-0.8963697225521802,-0.8612155533986415,-10.640595035636359
-0.2393791775759264,-1.962732009140752,-0.5095951329463574,-9.788458903775373
1.0996595958871132,1.584820527349018,1.0985816482311466,31.321127009621136
0.6552637307225978,0.6479677910098883,-0.12706716283851693,8.245166751633048
0.640131526097592,-1.1390081931169653,0.8134522451141071,-5.076609929820405
-1.6169560443108344,-1.214401382959259,0.47329059491479947,-6.8656706154748095
-0.024326124398935636,0.8709617821716196,0.7538656835623008,8.605160785284394
-0.7380309092056887,-0.8779706165358702,-0.8881882110855133,-6.062017451437136
0.27992459904323824,1.2961498675278833,-0.22157439820400068,18.31305875748603
-0.09815038964295794,0.6164593126261553,0.4242526181008702,3.9963950039821725
0.9101789080925919,0.5365965205668235,-0.8490728726936604,14.35940019712087
0.31721821519130206,0.4046954556143003,1.6295000432323286,3.875896440318656
0.7863279621089762,0.19145087202391178,-0.7772280421551344,11.628276245255798
-0.46641909673594306,0.8805111991771105,-0.3000035769377952,3.279332732056883
-0.9444462559182504,-0.45408036251560513,-1.0065590647942375,-8.592639179580397
-0.41004969320254847,0.08595197343438468,-2.1433080652386884,-1.9686439568784366
-0.017020413861440594,0.7519465876771957,1.796918522574928,7.759202461701195
0.3791517355550818,0.5629897185861278,-0.20433893690304725,6.207768909135005
2.259308950690852,-1.1949868052686603,-0.44791483841554025,16.01893878032493
-0.04225715166064269,-0.500409667304264,-0.19871506167079867,-3.7209374176142402
-0.955945000492777,0.25280350541915453,1.4198639721964357,0.22904252569779215
-0.34598177569938643,-0.4080147090398969,-0.9651066080644173,-4.421604207050118
-0.4635959746460942,1.7746585609733332,0.6795678657650824,17.973276271774765
0.4814814737734622,-0.39315319475411287,-0.42378824854947633,-2.6668057655190265
-1.5407970144446248,-0.16221844757669085,-0.5966708555383098,-5.805542454345967
0.06326199420033171,0.7694301781773039,0.5670582125201824,9.704097258469515
0.1565065379653756,0.33053274323491577,0.9882405737426969,6.627681543215955
0.23218103620027578,-0.14527445720476923,-0.5139029502799155,2.2330224434004267
-0.5973160689653627,-0.7564935288807483,-0.7688491596748099,-7.5948550948458955
-0.237921729736007,0.3015140573967662,-1.1690957473220271,3.6655435516235233
-1.4240609089825316,1.0390964403783927,1.1035037667283756,10.430181026334761
-0.49331988336219407,0.4790952240982286,-0.575255994806118,0.3873575919092085
-0.5428614760167177,-0.7781835214561222,-1.8491307272754511,-9.389786973212232
0.4160500462614255,1.7367749569767108,1.4099521383961462,29.577528815916825
-1.1561824318219127,-1.4465778900358943,-1.3698595019529423,-9.101084466020279
0.7811981017099934,-1.582685641802789,0.7794605312590615,-4.183351621477306
1.4944845444913688,0.9605572244572284,0.18342864666752473,31.308023863059265
-2.0699850250135325,0.2258404786026901,0.2879154322152784,-1.744754840647541
0.42625873077810095,-0.5494985463040403,-0.5843752753113219,-3.3507366551405973
0.6769080350302455,-1.0985707275553296,0.36559146022463607,-4.402009276396903
-0.637437025552229,2.320799839280298,-1.6677798928842373,27.949506068054795
-0.39727181432879766,0.11709087215544195,0.5880377487398128,-4.1925047586523085
-0.13288057758695562,0.5342011708457715,1.5570100415321602,5.356699391106639
-0.2977908794017283,0.3178850972381816,0.8840271974263262,-0.06013167237318662
-0.3090129690471222,0.43480795773115793,-2.0195400853867214,1.4393074281828695
-1.6760038063299767,0.5400944605248059,-0.9842090022728482,1.814695039472335
1.15233156478312,0.7324240097548762,-0.1877949219748069,23.090599444200006
1.079618592036821,-0.3752224007606727,0.48693730493993265,7.834400066005648
-0.8133642592042029,-0.2916419863518446,-0.1066526736602251,-9.43535032910531
-1.466424327802514,-1.7410228083589014,-0.4932143871104978,-5.172567983658036
0.5210648764527586,-0.7803044065015394,0.5953003076922928,0.4642048227456659
-0.5757879698130661,0.2711127964467149,1.1641517662249663,-0.5782342722628555
0.14195316332077967,1.0450233755026905,-0.23229400718659735,12.96068671690643
-0.3193284171450952,0.5990395263761841,0.7289298673852393,7.399983169391373
0.6915387510701866,-0.34069234387793046,-2.5790507451894746,4.864604868257566
0.6947491436560059,-1.2631729120851543,-0.9375093861087292,-3.679836878761797
-0.7255973784635843,-2.7773591454274333,-0.3212589370580095,-9.622679967567779
-1.3833639553950554,1.151733974780799,-0.48856622075462575,5.502519125995994
-1.582938397335082,-0.5892289865101498,0.33279821740445475,-3.9522756696422574
0.6103793791072052,-0.44846500620405927,1.0137505474982607,3.2889172661480983
-1.188859257784029,0.13157396790806872,0.5066690260283885,-6.402758553456438
-0.5068163542986875,-1.4055600473918899,-0.6222254717550558,-9.121961926349176
-0.5963140384505081,-0.3497821801115369,-1.522768090504186,-3.8653687341948855
-0.05256729626954629,2.023471949769974,0.556964120578887,22.81478066806923
-1.936279805846507,0.5053869385773427,-1.8381767396700122,0.7898236317382121
0.18877859679382855,0.3592491565134564,0.6530372834064285,1.501274465490424
0.5238910238342056,-1.5824944779817585,-0.18844908213006825,-6.14237380742962
0.08842208704466141,2.2436018945826404,-1.1758349879382288,27.13262489994483
-0.3108861716984717,-1.4227949086263427,0.28725731246679276,-11.121552563146299
0.09740016626878341,1.9223247554443985,-0.0028761026590009907,24.554186943452862
0.3990463456401302,-2.1150560151878075,-0.0365972929162469,-9.923252252193828
-2.77259275642665,1.4053654387244203,-0.08422329652739403,15.362099428093742
1.9559123082506942,1.6180542690002255,0.4195241084261415,52.36741834610472
0.39009332268792646,-0.8244091213278346,0.9244340219585094,-4.315540340693659
-0.65240858238702,0.42258037227288275,0.49661519848385155,-1.5471233141023597
-0.3909533751876011,0.547480572104665,1.0121331898223096,2.3430237122862323
0.49374177734918845,-0.8137944832313059,-0.04413971884780624,-4.67392676335602
-0.11610393903436653,-1.4491176107369304,1.6184593242319745,-7.331805462638648
-2.0306844677814944,-1.3177173431407654,0.5711098221298226,-0.8851828604623311
2.0644928613593194,0.5410082199598076,-0.5436940296827768,37.03251113334413
-0.11054065723247261,-0.08511560251940574,-1.093895056734405,-0.8064798206365521
1.0201727117157997,-0.5643010333021604,0.20579680373407996,4.339001482529554
-0.6920498477843912,0.9667680111664602,-1.3065215229226008,5.014327027428049
1.5363770542457977,0.5080679093914777,-0.9733759675567485,27.97661682514031
0.28634368889227957,-0.7554627263656334,0.23908708037359924,-4.991847911503214
0.6088438344754508,-1.2012015190173893,-0.6078874462819541,-0.8915553707537365
-1.0452533661469547,0.5232617386880769,-0.9333162402269223,-2.139109093681171
1.2111452896827009,-0.5375833685580619,-0.034475046088398256,6.723730767140469
0.6898181645347884,0.09920486253150243,0.07267789910378988,3.877554871320505
1.3018462295649984,1.5762989726277177,-0.20583402521873762,37.776128229938365
-0.6280875596415789,0.5023282400747796,-0.37754691905928855,-1.345976968182891
-0.4810271184607877,-0.8622669997532367,0.8546427287124486,-4.786776369142542
2.303916697683942,0.16066118981977281,0.3424273512868276,35.11393261670803
-1.0600158227215473,-0.9526449528153877,-0.22342611219469602,-7.713518948286036
-0.13594970067832082,1.6085221559487237,2.4643219335153654,18.88318620154789
1.1368913626026953,-0.5615787496032209,0.19383173692841307,3.9503483984110304
0.0977249677148556,0.20727074697361864,1.1320051336773298,2.952831959393285
0.5829536797532936,0.307732574679432,-0.5609810031317565,12.092121632953473
-0.3994490292628752,0.15925046837370244,-1.3629409472080096,-0.9436040231756025
0.37005588784751875,-1.9585489551365387,-0.7917565156434644,-10.437474829792906
-1.3065268517353166,-1.4464210639833286,-0.26800978339811193,-12.783281901782152
1.658130679618188,-0.4523502755690917,-0.496608209729517,13.26643015239972
-0.11816404512856976,0.31943183333153063,1.3363861823227936,-1.3062487091620212
-0.6801782039968504,-0.13777921428577067,-0.12004112209610802,-2.7269033900671564
0.6663830820319143,-0.9571474731510168,0.4614688774411399,-0.4985031112323144
-0.4607197873885533,-1.348424319121701,-0.04648115603289032,-11.596445050753966
-1.3342584714027534,-0.4015575444993436,-0.43355433273316757,-4.991067543747919
-1.3467175057975553,-0.46847604467972315,0.037996013453515,-7.654522737638118
0.6937731526901325,0.5128364575927566,1.7140514697707319,12.062261980266543
-0.1595734381462669,-0.3263184621583181,-0.7679485917368151,-2.916467081468163
-0.13370155966843916,0.6027076564293296,0.7669904505595512,4.219513424138873
1.0777438059762627,-0.5946497697204054,-1.0260072516257819,5.9388170307913315
-1.1268258087567435,-0.2559576692142683,-0.45962644226943894,-9.045778503220937
-0.7306777528648248,-0.3480463796426194,0.003583205954583647,-5.659649717361957
-0.38487980918127546,-0.7823669669020897,0.3263750897269907,-7.53453736895579
0.094351589317074,0.6251186564337302,1.483128627973814,3.1199579745824195
-0.042171451290578935,-0.813595997094507,-0.050082641464535414,-9.839111283535956
-0.2868871923899076,-0.521641509970619,-0.8436156065359265,-9.331594097938826
-0.0616264020956474,-0.07311964594819724,0.6500419730507697,-0.22974935339787195
-0.10730527629117469,-1.2973796559567399,-0.36416980891575595,-8.500272008690951
-0.7196043885517929,-0.3249349583204991,0.23868157093183537,-5.181424064049823
-0.8129929885540773,-0.7113063597427886,-0.11622243953775185,-10.594104703074994
0.2745163577239395,-0.3881541924822496,-1.9434568512868227,1.0204700890060008
-0.8909150829955279,-0.05992800267109062,0.5082991855939731,-2.3149218560917117
-1.1573552591908536,-0.7999136231406647,0.5833680068212987,-9.68492981846586
-0.3122922511256933,-0.2200757798203556,0.9266047683086054,-1.2877052538922436
-0.1576670161638159,1.3086687523521792,1.8004627624602276,13.25964154052422
2.2567234972982093,-0.02579855825448711,-1.1951037734634757,27.175760944547985
-0.7047002758562337,1.1452621730192247,0.5165074442817594,4.607993281641875
0.9432607249694948,0.3464944420067607,0.40929499664095537,14.7517304081808
0.7471883342046318,0.7741606098188164,-0.4190819928078221,16.020074279283097
-1.188944955203736,-0.7744589687708259,0.39710623644977877,-6.248373636458617
0.7732529774025997,0.10490716508551272,0.499646955111966,8.158200161387976
-1.1838806401933177,0.1339129226154759,-1.218683829977197,-2.6230947718442637
-2.659172237996741,-0.6126257388749357,0.2462227612764322,5.341581810167584
0.6063195243593807,-0.8228283242942818,-0.9179843060046156,1.091649170078889
-1.7558905834377194,-1.4902653879072982,-0.6518564999305905,-7.644554113746625
0.45093446180591484,1.496139636951632,-1.77474481518865,23.807950551611
-0.6840108977372166,-0.9724028893524976,-0.47336092550247877,-7.925795572480896
1.6595507961898721,1.3462210732223001,-0.20357067147347696,41.61082096652824
1.068509399316009,-0.4674931736578535,0.5498568672963908,6.277339886441824
-0.45338580385138766,-0.8624932997247339,0.0008999266711071547,-9.036654143906096
-0.6878376110286823,0.6225191403049977,-1.5422881507996786,2.118601092026243
-1.2140774030941206,-0.6311919417468571,0.8621480568842673,-8.388453412593762
-0.4409226322925914,0.5684589189242769,-0.11858662355009231,6.124642988997952
-0.2803554951845091,-0.3328117648522096,0.4883705904296574,-1.8324057053255225
-0.3646935443916854,0.48042449611778676,0.9659361184597012,1.8739397288589055
0.15670385527236397,-0.9681860639071049,1.4226047489690348,-5.11516324108068
0.5785214977288784,0.8313510579847683,1.9612269893650154,14.549150929129537
0.349654456993174,0.4879726826630046,-0.07223875867166796,10.410070657559986
-0.764143923906443,-0.9196506900626618,0.31112444609365353,-6.679349078422705
-1.4377914738015785,2.6429357210147417,-1.0783610908167798,27.43107336422312
1.3645318481024713,0.540123026400494,1.061600170035261,23.798696117138626
-0.6894491845499376,2.2904670705305388,-1.1848874445717696,25.86937898757613
-0.6522935999350191,1.6002678187487591,-1.805251688630421,16.4949649691011
-0.5211893123011109,-0.1888347802177838,0.8303860053403918,-3.202506076718447
-1.8430695501566485,-0.4122717546045429,-0.5216965249478154,-4.2577884502724945
-0.4779740040404867,-0.4034591834208012,0.7776072813422404,-6.734779852547359
-0.47965581400794766,-1.8300285504278102,0.4080746493461687,-13.827563368369114
0.6203582983435125,-0.6958351193495473,-1.6300026510237087,-0.716132646278072
0.698457149107336,0.24676602397997058,-2.7196793643226145,7.558008288573244
0.00377088908626934,1.5259575608848084,-1.0966017470927192,18.54867645296284
0.9318483741143037,-0.7727718829782021,0.01649148698086454,4.208133018203281
0.339964983801262,0.8820565993630106,-1.2217763346947719,13.166426606377774
-0.01568211160255477,-1.252593341503319,-0.6527614493487129,-9.035113635589013
0.16092816829822298,-0.5863200252111324,-1.4589407305973254,-5.280115143940875
-0.19065349358139935,-0.45764059428952597,0.16987795979692444,-7.611192571383741
-0.3948495140334503,0.3718110814974935,0.09082592703632521,3.6985503331212177
-0.26773353689396645,0.45730964672081126,-0.4813926240476333,-0.9232962676724639
-1.1280113314700069,0.9623417448143452,1.3970653013137426,2.3937975041813893
0.280441705316296,0.7708369604049367,1.4977150273195634,6.1308922661527285
-0.9931236109295807,0.24316821540249173,0.565267202536451,-2.8014815999502285
0.8416312640736364,0.3903649435086224,-1.7997711814667445,11.807020034521825
-0.24945858016094885,1.5885306910975325,-1.1046901472056094,16.18298035877096
0.04949498165009074,-0.5109261812322631,0.40713033108324814,-3.8992667384590263
0.49383677628095635,0.7747283190671621,-0.6285575802445897,11.48409304945098
0.6433144650629279,-1.8081439264982515,-0.4870914317118235,-8.143486228942612
-1.5706234086334527,0.4113342428976086,0.89896739458806,2.79016016483385
-0.20690367616397173,-0.4832495424791074,0.5108748218924175,-5.67023766425651
0.8801789120807822,0.002571182431510025,1.3141544338139488,10.32839445122657
-1.6981058194322545,1.0400862450537032,-0.42920929664647733,3.082389289546189
0.3872804753950634,0.16464380952639762,1.3752254204468972,8.049915136553079
-2.2555642294021894,0.8851875412089273,-0.5541312470844857,8.042731763653041
-1.0225068436356035,1.4737648151384048,1.499491490138763,11.035029772979021
0.0386305518401881,0.38909396886572056,0.10583464361677868,1.910523418025567
-1.6567151023219537,1.1710410646204883,-0.860509747109608,6.212992943234055
-0.9855107376841507,-0.3265609776792077,-1.631219507653533,-5.972377876238946
-1.4718350074635869,-0.008209882269614045,-0.3014723148616932,-3.374289308309723
1.6481349322075596,-0.522619416398478,-0.2562326979954389,11.849542285716574
0.16422775548733395,1.042977594646376,0.8576619101224521,10.089480899540739
0.5672902778526694,0.4140913537935951,-0.11059050280820729,9.800798278786726
-0.2226751005151545,-0.5072344618949226,-0.4324319785784447,-5.255195323917452
-0.35343174875719907,0.1546688336463322,1.0770374729475365,-0.7645955480606407
-1.6164741886510325,1.0415683888185818,-0.22482656127015146,6.753756328929098
-0.2918373627478628,-0.039267991037953184,-0.5762418162269032,-5.065083601622307
-0.7614922118116233,-0.9489328108497634,0.5746089172925728,-6.863685333400669
0.8579239242923363,0.1319117557874122,-0.48982821884726685,8.17546049671861
1.1411018666575734,-1.9805655910689397,0.658802141691513,-3.3962550394099056
1.4665787155741776,0.768770644399475,-0.5969171117831944,25.422929404887388
0.852551939461232,-0.4213275873246805,-0.22295918297037942,4.172316002659643
-0.5986539369229861,-0.46931073627910674,0.15217697558826634,-10.148435751791446
-1.1158969859603944,0.8756956787795067,-0.37412632026430587,2.248802523073905
0.7666631816450861,-1.3651628772251687,-0.01345146935738968,-4.553920278938137
0.3562928174722889,1.9470986428203578,0.81547196924006,31.896492400202288
-1.7685384506770307,-0.4802420417382233,0.41060179132004765,-4.857448618042276
0.35548179274376907,-0.5232509433848951,0.4809698500346235,-0.27517667066039
0.8145198224878664,1.021224743167163,-0.6354304386192672,20.644282243532675
0.05892558918162996,0.7086952731104266,0.852829768274368,5.791371067815687
-0.18505367100934153,2.451229719075076,0.6695623405090826,33.79267224978856
-0.8076484876163557,-0.21120598363152,1.0044191922616248,-6.858011389931784
-1.4465346995633879,-0.12040663866440973,-0.7263658321861022,-5.607161136305454
0.8002979493400275,-1.4793159799632536,-0.17245859668145705,-3.4171637467481637
-0.3091144447717088,-0.33210227734882514,0.6335339024604004,-2.5490897433668547
-0.23346666154369272,-0.7214312955717558,-0.6088151174171313,-6.988610790678826
1.7327211869191332,-0.44876701310549916,-0.22612246976395622,18.965770230152977
0.6845011068591904,-1.7441877565539552,1.925805737459527,-6.946928634838516
0.3708250012811021,1.660607559894514,1.9517610122678137,26.031779703661194
0.14206180518723566,-1.4166034824256406,1.2399405498273601,-8.07618107719446
1.5199948607657727,-2.802202798391713,0.9385851362497682,2.630648988393871
1.7195893074161945,-1.1884244215830193,-1.0192511495051295,9.378580898305472
0.9295051114795281,-0.603839552796151,0.5125622314261223,-0.4840060647541051
0.5822245913979243,-1.1495540632571182,-0.3591165950658852,-1.7724357862616373
-2.0946030712061448,1.0983035407325124,-1.0585718976053677,6.0330208152885225
0.12372191423350658,-0.13783917859609385,-0.50900583859132,-1.430809869434729
-0.130106954193704,0.025385604406458987,0.11566507404634657,1.8091179132153494
0.09395322938556872,0.6103917643054128,-0.5473555742986664,6.37491560708207
0.9430460873225178,0.28601252697811796,-0.5507994257068402,13.746468928988998
-2.7396771671895563,0.978567297446043,0.7920414984229742,7.163362757870589
-0.5693120534701851,-1.1094775536361452,0.14410648512323182,-10.945235195269028
0.26990435494076137,-0.5475181006794317,0.23345807966231802,1.1053732836643104
-0.4668455460527625,0.6659671460695378,0.11187239689629835,2.0707711967069806
-1.4169061131262595,-2.53455446208423,-0.6757031433716509,-7.8456219579338
0.8689634868967954,-1.3751844793172407,-1.3705719179606883,-6.05297036087112
0.27687190584612803,0.5009922321799466,0.31056471042047845,10.71637985698349
-0.9711045704444846,-0.48024903499492544,-0.5070366321254438,-6.100822064363658
0.3148172045158238,0.9361075501096976,-2.010782268585878,13.743577481128856
0.8215857120497958,0.8091802968531627,-0.39256725796515246,19.648176170281687
0.005292646299360854,-1.1980928801910382,-1.0922179413406234,-10.546205564546154
0.8005648034309968,0.4066570874668812,0.6986502343077553,11.086336537014683
0.07826017516166135,1.2016978556675064,0.52162522724034,14.274846071672796
-0.39522898265435435,0.1474344016509719,0.4968931448384696,-4.141084410553841
-1.159420516399913,-0.9774648772458692,-0.665041618158691,-6.080044617788259
-0.08593076697161273,0.87938994191337,0.731551581862154,8.693808333694621
0.19429293804577166,0.6354245265539955,0.319649783134073,7.599988924352511
0.8758327615873309,0.5426107834987963,-0.4098545384398195,15.32735196724211
-0.11510746848722672,0.7159388934369917,-0.4533374321385169,5.032599551794765
0.4574156062209908,-2.994612860227619,0.8927081528737002,-7.835846328867256
-0.9646120137337284,0.8809375610809715,-0.4736040569636581,10.675236122226538
-0.7826291558275251,1.8081318105789754,0.3036564735262783,17.550159395342188
-0.11038929902688775,0.436638474629293,1.0339569868127836,6.815106574531214
-1.0546284639850139,0.19272899649972683,1.9093426255571087,-3.353506972071404
0.8202478373246812,0.6964386733914393,1.6638731244377296,14.637522768388948
0.4631303293186071,0.3382254736851153,0.9008227642090298,8.09089574506639
0.2790957643924534,0.651781261700616,-1.5059113515713871,6.5834315614201895
0.33890412521594454,0.0014710002454108063,-0.6890484294179713,-1.8827782501199555
2.0210435614847975,-0.7667048545369003,-0.5480871874725356,19.04058233016224
-0.46886418796679563,-1.0043227122146134,1.6531498325653209,-7.419666429102878
-2.201441285500558,-0.9981917282318641,-0.6993179409720909,-1.7993864931949044
0.1993001968964652,-1.3730425509508952,0.38616637709836915,-7.563583736513892
-0.050603540961665895,-1.0677420110191065,0.10086706325731179,-3.611266273698273
-0.5175190425104033,1.761266127419863,-0.935127209437544,17.238722576629826
-0.9788298593587699,0.7540956636562427,0.38182400961938384,1.3625039916214687
-0.43918952180214793,-0.6250273906846713,0.3982960861974925,-12.803578850741065
0.18133842921782128,-0.3903926939855081,-1.2557748817415015,-2.0766195836941126
-0.5028167006425383,0.11255753090645429,1.2228774470534098,-0.1723228700033712
2.4124536795437486,-0.6555450294843581,-2.0865100288551877,26.157325690749513
-0.960504381633148,0.06751685717432486,-0.590757152909962,-1.2203129088548437
-0.7931173627076716,0.777604137902912,0.9719702938655755,7.899357192167608
-2.2886200400145285,-0.035742733548173485,-1.1932578334740391,-0.8092220775518637
0.251484415021537,0.33601574266199213,0.35026591956203,7.831591544887615
-2.01640662779976,0.8864915393596159,-1.29636038827543,0.8862390429886555
-0.5394546333745014,-0.2721317560182082,-0.09302414444422329,-2.847979266052648
-0.27567053456055696,0.28479059913436316,-2.3137731131722004,0.9935799592418548
-0.7097279658468882,-0.30937759288336136,-0.8425717017130081,-6.053556887749077
1.738872677454511,-0.0285288698344164,-1.5429214471542902,20.56199728713292
0.9943943913154989,-0.32473026508296,-0.4017637421265006,6.257121614767649
1.3191368763015756,-0.5288698535561153,-0.4152313958216571,8.240993119492291
-0.8824188185499185,0.17371185298702344,-0.6736641713091397,-2.126411799099268
1.1285940645145685,0.5665453158182124,0.7979131965667455,18.392402264378678
0.4960009463439622,0.14630444600104425,-0.8868796038714377,3.403156765994085
0.7714059486768455,0.498726958311932,0.6343866731890512,13.77459249920044
1.0294388287827672,-0.7379317802412299,1.6292757699588616,2.097958158580025
-0.9087632459590531,-1.2037351921997794,0.13906415030468255,-7.535656883351312
-0.4243176209779015,0.41704350296760356,-0.8576702045753997,1.2495833298233698
0.8625960113284511,0.6878813911747546,-1.2493385148615423,16.84845724803144
-2.655619092974933,0.04985726659982265,-0.7097851001194992,-1.3419761011428926
1.5133280825732052,1.3480357804247187,0.704642720749891,34.79718573828373
0.553132064207584,0.9076987979878987,0.1555907349688975,17.490296495079633
-0.045703960660234855,2.6805708407690005,0.9367952162539889,36.4697376025622
0.2205076557571733,-0.20080851399566557,0.770330879327212,-1.1906389856843407
-1.0299352833089765,-0.9988487960953681,0.1408106518782359,-9.519868948642525
-0.34994336458910474,-0.7401367907395136,0.4734882616664622,-4.402351552237333
1.1002843382203737,-0.5654978063746563,1.8552462094204791,6.387821759298086
1.2980219723262212,0.4760313834381145,1.4156562261746801,22.73455873239325
2.6962240525635797,-2.158068563961257,-0.30274601690425323,18.40157523714671
-0.07392466628041514,1.3185510180908366,0.9896794419358903,15.07444028188605
-0.6585529668050037,-0.23929659114234414,0.5858508058179356,-7.439246291254136
-0.5142339659399888,-0.24679355778875178,1.1363880775397395,-2.2957742159004764
-1.0180418752873648,-1.0793431660249952,0.6716165720359097,-8.986261012603864
-0.07785475594085076,-0.11422555145018021,-0.9741674350429901,-1.4226900099082767
0.38273243001226814,0.013239767667533552,-1.6196845653727006,3.9248534962944515
-0.03424228053195387,-0.12194492760027727,0.5726270172050857,1.597993912618109
1.0963468456657985,0.3390592559424304,1.9026181983698311,14.876275677742344
-0.23421580134453654,-0.5896320419510298,-0.7756641079399706,-2.4840157744641886
-0.3474506524985633,-0.8958157604108271,-0.1880897380496502,-9.607900418082604
-0.5812684768603252,0.5483281304979799,-1.0357477261952128,2.687937941894652
-1.6326345262344952,0.09866745381579567,1.17782950470566,1.1717837612636037
-1.567767724308454,0.1971810551973674,-2.3051668550435207,-3.3461945750596875
-1.1791579306376878,1.0590272544419663,-2.2636603010358085,5.684448438186361
1.3014280716647608,-1.0225643912606857,0.37501991982015326,6.172760043936982
0.8952602728899299,-0.8552404572508642,-0.08234364679135212,0.6298781349666744
1.3749640663929898,1.2572196508289941,-0.4796230150738065,30.229063509266233
-1.3322116545945017,-1.4828833575740425,-0.3010947865234137,-11.110071753484684
-1.9686246897860202,-1.3094121463310142,0.5369879144563616,-4.1921649614040195
-0.6600563201340829,0.8178618311849958,-0.4138039890496651,6.088542125430079
0.175818953296028,0.23820019202203863,-1.0969249717331135,5.233620862757997
0.4986902749098275,0.10523213705927585,-0.9273629280729663,7.603965248565885
1.0479721559680528,-0.09165940810038319,0.8883388619968426,9.774267606941148
0.2842796708072146,0.03126754702756948,-0.5247419549622203,2.9500095289695514
1.7426687806556311,-0.09211211469195592,-1.3852775837671982,17.138546021420474
-0.22260568094832048,1.3554427025944182,0.10217832694397073,14.495053680125588
-0.9130792180417964,-0.3981481287500751,0.5049947217800111,-5.204259710019381
-1.6812182154944335,-0.16137353627777917,1.3289607475532235,-5.313136766462657
-0.8889713580954499,1.7944488052250736,0.21790338712166898,16.835719211009547
0.242117960985123,0.0275097020298358,-0.6597112472096701,-1.4986665694393988
-0.8887202573536308,2.2320163895251777,0.4740078672770297,23.735293953317715
0.9367424635352571,-0.10497970101895356,0.7271748700204365,8.670771499532808
1.412327706037443,1.3674149824601585,-0.03890530666380676,40.00037809857393
-2.369586905226603,-1.6553440383096778,-0.04459939272557343,1.5110835806032417
0.8640523004976479,0.15364446081566638,0.2601329049387677,12.997613042259093
-2.2396040586617367,-1.5844735631509355,-0.06985649825618424,-1.136917477133311
0.4014990550902875,0.8444543066045863,0.25011390688312557,14.291719210842382
1.2248705641936597,-1.2128678162090247,-1.0219133244269283,-0.23317082274044143
0.06485610634357618,0.2837695543833455,-1.1504377698185095,2.548213773523874
-1.2796891732042395,-0.2821958766904351,-0.836111379500769,-2.0498019793839877
-0.5854312042777726,-1.1582031851840289,0.6422109433294259,-12.367021101878343
-0.2616454457109007,-1.6193599828975425,0.2587975673406087,-11.008896780493574
-0.18224478378994294,-0.5110404635801098,1.0402389642495586,-7.905312708305516
-0.20289684076666706,1.7406294458953309,-0.18669092211460994,22.624037444535425
-0.1098827793093138,-0.2934850548893775,-1.1436413958418497,-4.269120068773773
0.2134800489101689,0.917221542115856,1.144553535284558,15.04935186111202
-1.2085736537332212,-0.05704286766218815,-0.018767055539892923,-5.274586751554559
-0.2420198298702195,0.8767267736904524,1.2834550362665254,6.476787930135169
1.5182611703557054,-1.8269113783045177,0.5979464913921806,4.785788263583719
-0.38464542314251776,-0.40318830684953333,2.188618678822837,-3.3644022708735175
-0.4438360931551978,0.9494055237932187,-0.21977298571336235,1.5561886965967027
1.0781973037142378,-0.16325494883317873,0.9007239050891807,10.169158708762582
-2.5591846663440965,-0.08645528271104713,0.891364106352944,2.613681116543125
1.1813786012882859,-0.43046191188579297,-0.55512634549445,8.355590995018993
-0.6319037580051673,1.149379383367124,-0.1724823171069609,6.99323084513364
0.16392857245258663,0.2975143539549459,-1.461738342216723,4.23713560091526
0.09632135592119682,0.04402227617534797,-1.5487961370026657,0.31451691817788563
0.9424681192203938,0.6430545453392927,0.12656880153077496,17.511307377423964
-0.2675947462353477,0.5882249291179367,0.7930070706974274,3.6080987905285085
-0.6780257815644504,0.2125870464375366,0.6380240334954549,-2.8954889800894703
1.2978457906510987,1.5470314969908445,0.34002459825965264,37.19118552712879
-2.36417381714118,-0.06028753363911904,0.8630171531510914,1.5733564010799674
0.02033418170524325,0.278081047967944,-0.5896977956993248,3.390288164870026
-1.3479254226291204,-0.6429525533528905,-0.2725327484877595,-8.318546727389304
-0.761573388256559,0.1501152270061292,0.7375215134138817,-1.7510649182599205
2.011256681463137,1.5877615237453675,0.4331187294489333,54.07246084283687
-0.044595426455857026,-0.6432576017887388,-0.21018881379676232,-2.0197784292914482
0.19506969715138117,-1.1335928256384589,1.3207943861279146,-4.179779651829969
-1.7815628557055914,0.9967596428198156,-1.2920012510471275,5.532035468327111
-0.7290446587946957,-0.14876615223367926,-0.5186786872885925,-6.604760627050901
0.19655740072878491,0.09600420496977001,-0.2833977744562524,-0.3190870799490124
0.3547576931132181,-0.045113303693334814,0.8165348797737704,2.0221425908297324
0.6168865543932788,0.07912172392953508,0.0023851979152351623,3.463717645680333
0.008627898917576322,0.8505306835234382,-1.261491746790615,7.607306780689086
0.5270042084546597,-0.8391241905992737,0.5140041798160635,-2.8463177037524914
0.453781912635684,-1.0117740841054885,1.0875463154668945,-5.151036102817728
-1.8297404110045314,0.08496813703770767,0.7393045331330262,-2.951955940672103
0.03700572191014953,-1.6064396894498327,0.6191549216054889,-11.808416105058457
0.7679024077327037,-1.3730535360419285,-1.8743134967410682,-3.08839933412747
0.5898798207345195,1.866683148331627,-0.8998864767434843,33.13744718533203
-0.3638588099707899,0.7574683300614039,0.4820806086722011,4.167401557717462
-0.8056265075393678,-0.010056471869014538,-0.05488818475438849,-2.3148751163911325
-1.1183119243216322,1.2380069359584398,0.522557601998812,12.687563570262533
-0.13105401154141233,-1.040599230085145,-1.2663426769629542,-7.976424827675087
1.133079879559722,-0.3156031233858582,-0.06149476428488614,9.729164667645987
-1.951804101481602,0.6234536094243824,-1.3897810188962068,2.1142818885966967
-0.659891729729498,0.8906716814313947,-1.9536785626194064,7.053520103366296
-1.139802455426774,0.5129168468277764,0.2957790885068872,-3.54529678693953
0.7849575212405001,-2.5412388076882246,0.8425887964569804,-8.715624901269745
-0.5543096265713009,-0.968082117664578,0.2456164279017758,-8.436600655158822
-0.4706376581547914,0.47706809235686526,-0.032996480264666096,3.443709282221076
-0.216949569936649,-0.35595149304680634,-1.5620143418292662,-3.9121110500867013
0.4453932508947973,2.5402316207591715,1.0061070670975472,38.41417369838966
-0.39238899814963674,0.9265583009670965,-0.04404489737594127,5.396860549640895
-3.0461430547999266,0.5580818806186658,1.9595620052057678,7.170202119328829
0.5433118913875197,-1.1169495537467236,0.9423143082769667,-3.304366758063673
0.43904295767204254,-0.03529673960291556,-2.0051254266521483,1.781326433391752
-0.21954102833121325,0.24120396421895252,0.7550496802558879,-0.5725205685617953
-1.0840366206719345,1.1277836301278024,-1.3965352375731572,8.35537198685832
0.3517801106813583,0.8811310970996323,-0.7594954904290641,15.60723375135334
0.37923553353558676,1.0329891945199456,-0.2507566767601495,14.474086413075073
-0.4700328827008748,-0.923912015810002,-0.09406245036260366,-7.517075361813607
-0.21673147057553863,1.4121516982986309,0.39756521561746616,10.946424394129131
-0.9301565025243212,-1.3804307523072692,-1.022855040804214,-9.563533407242636
-0.17858909208732915,-0.5359145616661618,-1.1506920042566469,-2.8318905837570294
-1.550429345083481,0.43077113494564145,0.6006052017330761,0.3243587958645151
0.4173188210318355,-0.14989159173313932,-0.01325026793402666,2.216623919357012
-0.9443684908242939,-1.0060368579203915,0.17437304870152562,-9.842342227169134
0.23810314783231212,-0.8215498256031326,-2.19368335169466,-5.892070067019156
-1.4059629162678993,-1.5482543228490424,-0.17713738331532355,-9.056239741946738
-0.5900576458695397,0.5319746390071913,-0.8907291830614958,-1.462807343363468
-0.11048940506592783,1.2605688450421493,-0.9206263730168693,16.7287440751249
-1.6606998118692633,-0.10039350340136602,0.9219348042245775,-2.772642682006195
0.11514787314009216,-0.4003488150134234,-1.0956712289725123,-2.7338414752612716
-0.37914756287992274,-1.4723229284664896,-1.0928966063260301,-11.261365311122306
-1.7423561978092306,0.9132019242521776,-0.3310106034017459,3.474689497193781
-1.3032427541123157,2.211304333239493,0.4502888306473442,21.485955642878125
0.6051200840821667,-1.7974558043668976,-0.8840147297480861,-4.53351339745064
0.895555985551324,-1.0634329381546068,1.2341440357800615,-2.3462730729825667
-0.13190863977996706,-0.6795930425441441,1.4498475253612189,-7.831573919317905
0.4047618120404975,-0.564317909682489,-0.8814470664684638,2.5825085232134004
0.2238435633129107,0.227345950143481,-0.24508175557685558,6.241674249685976
0.32962298212773805,1.6142495472802274,-0.7786754726576129,24.85439131424713
1.285984007080293,1.0085972868601036,-1.6853821048712272,27.391852678363566
-1.506998398214272,0.5275973827743159,0.3030110504561574,1.8271020257903918
0.6764607323616232,-0.7239287040586021,0.7335948682293696,-2.8850753399068503
-0.3820089555778202,-1.1196282336804544,2.0118642631265615,-5.886836634997531
-0.22425893425164034,-0.7967753063063009,-0.897409503631337,-7.034388797677916
-0.30224973045507003,1.5480668013787386,1.336235090812621,17.52985689839681
-0.37514711666128386,-0.06174330145790107,1.3423536912579532,-1.4131277889619172
-1.226196191783019,-0.4468362536626212,0.19785330956715308,-6.8622270453811565
0.18333919925760125,-0.18375573024999226,0.6021634895760638,-0.6201670217750449
1.6709430327888573,0.8246182196384677,0.8732730483007036,34.05325389924778
-0.056133020448757114,-1.3128496745497917,1.9740999482418995,-6.551593685783862
-0.001385042735095726,1.4148741359224224,0.4778085626164694,13.179533757943796
-0.6872990371566635,0.15647625694629896,-0.060137885503685214,-5.536600845761731
-0.11747454641811148,-0.2163439782957261,-0.8661687990074722,-4.476018807801406
0.46616642603403075,0.442846113746739,0.30532075501249806,6.918727960821421
-0.3702424407043429,0.21839707312993703,1.02416493277307,-2.518261944932482
-0.45380404105200106,-0.34419645646738123,0.24461036132947195,-4.563022899009726
0.4032645401632468,-0.2527106720416067,-0.779923248925003,0.03282056817658041
-0.9180047698190454,-0.8688625468659522,0.08907620249656334,-6.200264619398079
0.2524966270768724,0.6563907508593024,-0.12915348246011388,11.96518285526167
0.8203217972614217,-0.5319938094111618,0.26473875775570727,2.6089479650883067
1.3599485416794843,-0.9562584224322828,-1.66184836721825,9.056545842094442
-0.09038200727694681,0.16586352265353732,0.5507886141027314,0.9580722550140615
1.3675972398067135,1.3291412827455533,0.595423156763723,33.445530559026935
1.034409886481518,-0.048344623779819615,0.4448534381865086,10.050008601396875
-0.9962126403710662,-0.6081012569516899,-0.0037628171450240252,-5.6281903216572005
-1.217938511593151,0.4038960208359738,-1.8059362626034217,-4.326881730579325
-0.30496363785442043,1.936712462402552,-0.01932279197126341,21.47793308145948
1.0289354925948542,-1.4519055294317473,1.0607149993421696,-0.8654401817888903
-0.0722870075600049,0.3822027877852936,-0.8601288762924614,3.9125629523721517
-0.6006575576577885,0.2050866252318538,-1.9892694661612838,-2.175580073591504
1.5522431800485608,1.1615338035591172,-1.5405579718706937,35.82974205124276
0.2869044880033464,0.9909091736848452,0.31402569182060314,14.290094330051447
-2.3205942757907416,-0.18670911180977923,0.37287600885243755,-2.0166120081966374
0.31716062629268876,-1.6845172554248828,0.886293194621468,-3.668889396100897
0.5200406145708678,0.8065637678962596,-0.05525899572965248,14.729767405995517
0.2256086544711038,-0.8351926901914831,-1.5003283759785706,-5.428902274474325
0.44971210023199254,-0.9467404109571895,-0.8185041405936757,-4.968280570355768
-0.06727560892298173,1.1483505806911263,0.8188393725993478,14.419527966090154
-1.3183958696447342,-0.9108503776386525,0.1404959074394759,-7.946782324468751
-0.37070400322045344,1.4028447401002433,0.6498296346799787,18.43503081555041
-0.9456157955562914,0.335844721405313,0.4347888054610397,-2.1955654167722334
-0.9327409107943778,0.3191184000862824,-0.20496055173029593,-3.9239542994282965
-1.2630683491022754,0.30726478050559103,-0.1740068375080337,-1.9328369207436136
0.45248909263964643,-1.6384236257417921,1.8571022697558597,-6.727888613414933
0.0978961454126271,-1.7763886163465759,0.4146742666092209,-13.54706499667043
-0.44816536268070806,0.2155530537886848,-0.1285875503163606,-1.313241093570586
-0.6493379277303881,0.5680073592264201,0.4554199909368095,1.0023963664368116
-0.02342310502145217,0.08261103215620101,0.22290581962427333,-0.14656444110534383
1.0791947281124892,-0.8215345170195275,-2.157356373494461,1.9707312177570246
-2.004215715498915,0.018922103882194737,0.6500845143723144,-4.570086120882385
0.37687652085089274,-0.08203415314548415,1.8209392740896755,3.7936378185041817
-0.5457119740177824,-0.9571580982754103,-0.780279868390064,-9.831715194121005
-1.8845858449794477,1.0139721541121614,1.454035748839167,2.7756809095858213
-1.9457030831639588,-1.7302760615500858,-0.25686969733191695,-6.634075774520951
-0.9127834941352918,0.5887424068075064,0.2934713976498223,0.08251838500834019
0.21950955579304526,0.3843234052112453,1.070360016973174,5.821459401635875
0.3930629339800916,1.0097118548117143,-0.7200014312908092,16.47181728184233
-0.9389815726777853,-1.0053118723488588,1.2424939128184713,-10.972735107198329
1.0170209914132446,0.101407146668211,-1.2142172813593393,10.403044768195844
1.4229834965161061,2.171164949318166,-0.8751547489139164,48.49197791399136
0.3960865849565602,0.6620742889997063,-0.5935203173475259,3.8184906737399853
-0.5914026678081108,0.10058120872896319,0.6620053664519022,-1.9724634194098654
1.1244191845103682,0.5391612741141966,-0.34087441056947076,21.350224620413716
0.7553956956633383,0.08617684238012002,-1.519974459585868,8.96444405677501
0.867407411354918,2.19089801323984,-0.21653287184982842,40.43387149542789
-0.6564636749715315,0.9836361957891795,-0.7842213825343839,6.386909459671406
-2.8345545052747023,-0.08561495423049709,0.7312936208403685,1.6420617523734888
2.1167910214836754,0.25233143138452124,-0.3432350544551033,31.481956121997847
-1.6108784034499337,-0.39079799608101357,0.07077407590065136,-6.299459351410881
-0.03576807186022113,1.209850126410305,-0.4054724571406713,11.777610879657203
2.3807453512197503,-1.4061047713910109,0.43393896823028894,19.084530718314834
0.330576756274374,-1.604738529860987,-0.1835907634705542,-2.511639188002592
0.9492464735582357,1.4587147496759936,0.3251987146870653,32.83232078350849
-1.5023965693817127,2.1531197925705827,-2.5933885647417103,18.290912562555445
-1.7776669547337063,0.4683049076895917,0.09725087697778614,1.7932428562122336
-0.5327027919795545,0.11273794123573726,0.4139136701102331,-0.23223835617602062
1.0907497344345,0.6572676903047773,-0.19928005491459203,18.122617002661435
-0.34624944764730997,-0.6470535263827593,0.6693924713925414,-5.314313299761293
-0.7946363210714987,0.1712435451522125,0.7386070289928207,-5.222409867786137
0.19796728994496746,0.03890870585621503,1.304213891849503,0.26135881917205994
1.0819352184772653,0.6265642507453606,0.10481160807228165,19.342851357470348
-1.4449401990733717,-1.5579985281833963,-1.9138007046699812,-9.345438700601905
-1.2105429941233516,-0.5070347697653375,-2.285499448789645,-3.3861702866929395
-0.7886692545093662,0.8449956030008372,-1.6018409520745176,5.341545127194513
1.0946383747120914,-0.675593827630063,-0.0379070611841362,3.8465396271378083
0.2348215259487319,-0.9933613754231354,-0.15730528828056567,-6.565229299873083
2.1321534105704436,2.042072149826954,0.27623985201997375,64.36403846545046
0.9364457258311158,0.03811800017940036,-0.6252459225571738,7.4922081379959575
-0.03509517686967038,-0.5789181399432078,-0.7364911715057483,-3.550083682129584
1.265077838088766,-1.6923704374741084,0.5550479424104341,-2.8788524345640862
0.21149701273187801,0.7293463462804262,0.6559244113725019,10.79721088938764
-0.7049213525074449,0.6991361537186938,-0.2566501354804808,2.5112395083587495
0.6799748442451024,-0.29875960056993595,-0.0384766582389533,4.05952847932415
-0.6963266538610828,-1.1022301909070906,0.40431434332899113,-11.40007041050305
-0.29039710080386677,-0.024549423642379036,0.5043435751629946,-1.4952991644597193
1.327782695957983,-0.8358560674816213,-1.1439806995987403,11.063130696117458
-0.10128148621739935,-0.9420935888731159,-0.7195738559179508,-8.10555845188439
-0.8031413873416283,-0.10321275146170758,-1.2305460456453867,-3.7939018807764144
-0.46433769143549164,-1.0513903986600646,-0.5069066148368306,-5.867671131599829
1.021790585588673,0.24664895525244618,0.8123335893418311,14.653669563604637
-0.5525406734167292,0.6079925094063973,0.5462718669437655,3.4512510281982705
-0.38687084685064654,-0.8396324471731914,-1.0980979603625587,-9.783535416672391
-0.5102927396336285,-1.3682450953383907,0.5122667268259818,-12.519635381489705
0.18392549434030994,1.561279598955807,0.08584310534245199,20.99685171106832
-0.3854897603756083,-0.9402702359572048,-0.4939267070859207,-9.14837976165822
-1.601836048972537,-0.6599427051023377,-1.4064596551036312,-6.507528154301201
-0.8871809418450403,0.21301716742988736,-0.17482337161776695,-1.8077455825076194
-0.9327890415064383,0.599369372522297,0.6799440061159555,-0.27745150323789924
1.2433193844551549,-0.2563168936896428,-2.1630976483961257,11.51614815029906
0.8126740421090424,0.46079432770125556,-0.3961231977514495,16.70791092004145
0.587259379399826,-0.400986157896401,2.2542836988049624,-0.631506970769796
-0.5053583172644099,-0.9711706648243907,0.6726367185680938,-9.583052568491937
-0.8157915419939713,1.4263168607870274,0.259832495003476,10.765242267995978
-0.507517601657357,2.488441614331128,-0.7371851695709141,31.755820509166377
-1.051880102551674,1.6959695330141693,-0.6783298378739697,11.031868429536445
2.497200391587007,0.14180663915345446,-0.08328839569996337,36.08285310741216
-2.245321648371402,1.8334353618156785,1.602863629377136,10.070418840407957
0.5640085350738091,0.35570351572398445,0.4655891908949305,7.87727346335812
-1.2845522979925272,-0.47728627040322935,-0.8721583977708226,-5.295124449975091
-0.10434349149469264,0.46637957438197886,1.1767869623838638,5.967816308078934
-0.9880019424937344,-0.09439250641118496,-0.2925942071580907,-3.918455467511787
-1.1776289624826308,-0.9831181837457077,1.6973464810139491,-9.884410810153495
-1.1401963009349616,-0.898321971432016,-0.5666030246377041,-7.090694301565038
1.7549861537420586,0.8020517387405159,-1.003265756903889,33.253688480952384
-0.13298842230959199,-1.846531981664673,0.17462957781357,-14.02756475901137
-0.7657021944780863,0.6041367404426842,0.982326983800298,-0.8151900642460332
0.555786964082873,-1.6295836027484383,1.0374447967309102,-3.3256328273182785
0.010349314566299353,-2.121176444902436,0.15919176666881152,-9.418537735011272
0.7200337593416528,-1.8388466037584985,-0.9880966879686112,-8.58897565328245
-1.82425665593783,1.9667639719347398,-0.5053407218978849,17.115278921851527
0.3036039044620014,-0.196233964943542,-2.0182818683542165,2.7163783007862152
0.7726948371023817,0.08658318016541909,-0.9131215375688202,7.258014402902654
-1.6615982911145637,1.4192550459109512,-0.17845681489726312,10.052304464079377
0.44819528442331247,0.9341797484997248,0.38900214065347916,7.250194011671719
1.6961815728281606,-1.3915052694042196,-0.3394543214647791,9.080055596186874
-0.014857703354702717,0.8690063428187611,-0.05697905497773967,11.552547370581173
0.8214059370248112,0.1841812647035463,-0.39618544474981693,7.552611297285012
0.6705704503109099,-0.3416780975958806,0.7510253041897702,3.3073046325555735
-0.7075056975105769,0.024290914137780388,-0.8991129384265388,-3.941661628680251
0.03976673458649517,1.279812020628022,0.8375479141463265,14.97398605193283
-1.5669947108616025,-0.8859664820409529,1.9608808125139106,-8.079522134547505
-0.4513030371025261,0.40088567910412115,0.4727896560219311,-1.6451409811959943
0.2656879749662359,-0.009657236532908346,-0.5270916102240418,5.760533303454274
0.7231004937377982,-1.7971646153956184,-0.5362701440867851,-6.304236741204051
0.024612125247911617,-0.8022531717308108,1.2098372221840976,-5.588936318171854
0.7199837301431654,0.19321355323369646,-1.1265894258719975,6.668020828464367
-1.1029062129553697,1.2973420890928906,-0.953804420272564,6.035707024112115
-0.1016972745548716,1.0013310173467296,-1.1644484538704645,10.957984413161567
0.019279384513077216,0.597212504403425,-1.2785138405206862,7.300120805374645
1.8495912466796365,-0.8152756611364586,-1.044816319379857,15.941964808905698
-0.21416665620008424,1.801213990808535,0.7899049417854931,22.774133125091648
-0.4990166379941829,0.21524046763961147,1.1022825645880243,-1.3514747544434407
0.02135122384354861,-1.0063655216785503,-0.6970730723601831,-7.812300776506054
-0.9191134448699437,-0.182904980856951,0.20733404604568986,-3.6488733843590424
0.19275384906521617,0.8962484253561593,0.7591566751082341,10.204129651108314
-0.36505521654625767,0.007617498318158107,0.10056420309716296,-0.3489616682167145
-1.7913275480411837,0.886864686582761,-0.9549427576172389,4.213780726248714
-0.05858655113386085,1.1036939574621503,-1.4704017351380814,14.15044723883755
-0.31754309393019925,0.40053068459870617,1.0104275531255087,3.091736884088221
-1.6324233020679833,-0.857702623046894,0.4961794122883805,-8.989185782900428
-0.06713415461452177,0.13545466318998053,0.5769558933986538,-0.9500847496603471
1.4893559620744803,0.045165855938831004,-1.1076469009010301,19.090114560020783
0.5213037482757137,1.8593463338516283,0.23497719288905192,33.86553372610322
0.6119271927311578,-1.62632193782683,0.6289995874568216,-8.576200970147202
-1.3414967255830426,-0.13482245109435406,0.31403384364714554,-4.760533596035374
0.4768983689222224,-0.5840935467949193,-0.745023216807689,-0.5476840376097549
0.14844958138007808,0.3351056201959989,1.0122605100653357,1.3937385937755091
0.5290452383344316,-2.437564359199356,-1.527631948178774,-7.134569603372495
0.42262862170882565,1.11492455949028,0.9287419248069415,16.77083226542451
-1.3597807255038137,0.013748487335533657,1.0810559440870733,-8.07784460494251
-0.04140081155796743,-1.8447011636280461,1.5723303175352248,-6.684929098772432
-0.757870860425166,-0.3611131347398661,-0.3424921902504429,-7.75026631409679
-0.05008409428482209,0.6089623416545242,-0.9994300165615205,3.253262448243933
-0.8974009269018305,-1.5914478754580315,0.7938803623083801,-9.42682257449518
1.3124703671409963,0.003222216443155699,-0.6992152790869743,15.507480396208758
-0.8589723884443423,-1.05747364780153,0.043995511443988784,-7.7905636880748785
-0.898942156465536,-0.5559850318789673,-0.31746221716007195,-8.026340626188768
0.07458640654355353,0.02673838267463693,-0.9020719714130848,0.7630295321951142
-1.0770990694039948,0.1834502535815763,0.3209994661848916,-4.1977077177596485
-0.4246633024328657,-0.47074249818272723,-1.3920159165580357,-8.44569232370128
-0.8299645975379619,0.27279638953026414,0.5922056816440394,0.5662133696030747
1.4111720638896117,0.8179776072548057,-0.9669310884567346,26.655486352623438
0.7858038268311726,-0.2789142751032398,-1.7317313464679263,4.195475300075478
-0.057469518465394644,1.4315677574492909,-0.05010745879029284,12.427425709447515
-0.39121705217401626,1.4622141707804195,0.43163385281122324,13.655872636362734
0.9409176145751134,-0.42870206558582885,0.5769345970532244,3.2599178620698304
0.40520408032288807,-0.6378405564735843,0.8183537308271613,-2.464022753362695
0.4980524046828567,-1.6641729851661735,-2.3536403996904136,-7.304257009024917
-0.026192237344250482,-0.12656933163938985,-1.0051444309566715,-2.1746712695660073
-1.6882300277714322,-0.3634377801160514,0.10665229450303212,-3.169203862346433
-0.11246598255955272,0.7790512201329916,1.5190032799361455,8.194861284936081
-0.5324899192090677,-1.5096616060682988,0.7837444936747278,-8.043522814987123
0.6450552734598769,-0.27739139174310984,1.9013400518481125,0.41352497438071456
1.011842432994189,0.9687443931111454,-0.524939422913999,21.412524807405486
-0.6579510447611686,-0.7303570955579599,0.27441699528200864,-7.93281267588155
0.46838523427705164,-0.7623615367276093,-1.099970807569307,-3.28944849595427
1.7358789976857132,-1.4469403347558085,-0.40435221962399975,7.173848192495925
-0.667712720570559,2.6205738460182393,-0.7352957182829736,28.119723183696674
1.6819217400731377,-0.7474731780653794,-0.6339886593167213,10.703469209825897
-0.852585847170647,-1.3003468322183391,-0.3934491211856633,-13.174504070230919
0.022959755607951444,-0.80385040403152,0.0027175398906808907,-7.596966472962325
-0.011145611841841251,-0.7742950804868045,0.022212664516484088,-4.441623164331674
0.011498899870062375,-0.2693897784512403,0.5434534395827254,-2.6330864691168028
-0.8376780419079453,0.8253722320875148,0.13998846738685936,6.660910031192953
-0.5911831037644297,-0.2983231689958337,-0.34404562884962536,-6.435044949132207
-0.6677202863593994,-0.9228233149968279,-0.5225785415319466,-8.468177097593859
0.3269625954044574,-1.4513384981910251,-0.30713172015868406,-9.615399291507133
0.33003511451031164,0.02185735821987137,-0.44903714144696555,8.050458176478015
2.225944331738259,0.04253907402979072,0.49097105518197964,30.664703662094706
1.3709890062911214,1.5309323510288246,0.8655251906712624,39.558697022134616
-0.5098432421384791,0.09244773546980858,1.2740445379470846,-1.207457178117527
0.32486961579618606,-0.09900831128407737,-0.7977027599404173,0.487151388452413
0.9971179807917595,-1.0506538365874896,0.46937222533875006,-2.0426331193882055
0.030601824338517807,-0.3059525750983919,-1.3946796415926757,-2.0557761989792334
-0.06964157844693558,-0.43847445803460605,0.37317471825257814,-5.0871990043910555
0.05157494276988904,-0.37016416451370254,1.0826722820910646,-3.0376209338726725
0.8672766288084278,-0.9592553926405882,-0.14958950166699497,1.1732104885492285
-0.8483205228052325,0.5383296032761768,1.0726360472588732,0.8883936323087632
-0.32566946882017417,-0.14244541750936937,-1.1385678703154767,-2.3559189949723836
0.47043314484648185,-0.2003534800049874,-0.8886452830916367,2.345643075843335
0.3114470715541555,-1.7140461160489964,-0.13580984264368653,-11.081547484543085
0.23958275985639133,0.4936440875248639,1.0222103545858243,9.808106390630911
-0.3698011663038032,0.48701532598037944,-0.4174294563419882,4.670663254734066
0.9725357891425369,-0.8391294028422137,-0.4535531009087746,-0.40315666914936354
2.1338682472045374,0.9901213838791937,-0.9916283583780207,44.70521037098789
0.4064154936762062,-1.3647582300824324,0.2028810444426216,-7.650631221331708
-0.1931767015498399,-0.021869908789079875,1.2466951408944356,-2.921540950505086
0.7557402888945426,-0.2712073398901639,0.7006801090936924,4.2902450089782205
-0.53913263675299,-1.3171747888057943,0.6966506543362647,-6.371010413052948
-0.7496903447028966,0.18970261207999575,-0.20697447492366403,0.04905078636306248
0.0328087476137118,1.7025701522417913,-0.5633093592639145,22.675673197344114
-2.5827966329699446,0.06763423006691976,0.6772459164163702,-0.09978643508000751
-1.1539503636520094,-0.46302175410905094,-0.03191107563414087,-1.643758637102648
-0.34796185592084583,0.44702415688567826,-0.17360823571938175,3.786745354510094
-1.3533888581477134,0.10571999546715494,0.8982406224036156,-7.988739776598905
-1.0326431018921296,0.027762131625501486,-0.1977874516727299,-3.03643380607122
-0.4367483374580074,-0.42554221277144805,-0.8377762593852057,-6.558378320575147
-1.6429652935306092,1.4219755592924648,0.9091884953309661,9.586508556171859
-0.4060717962598319,0.4563633634807854,0.08071989043386668,2.606633799823706
-0.5352701645328445,-0.5286706589354886,-1.037029343848692,-8.357474195549724
0.025405208385016018,-0.10800383678095793,-1.1129058948716162,2.87735164368035
1.1541840304940192,-0.7408667042040726,0.09541187582686682,5.195053356564843
0.1725044164928659,-0.608291150081495,2.337409661478276,-1.7649498744041727
0.021062021342063624,-0.640725724190199,-0.39282060354620846,-2.1208504630683955
0.09945445703071175,-1.1343115937222275,-0.3362738590855785,-8.611563877128468
0.22739277512112846,0.7772769637679554,1.5237711976170534,8.480640841144819
-1.016738648609769,-0.29104146327302577,-0.05728119979051539,-3.630220098496165
-0.11477532477079817,0.5541275783267697,-1.4484668632479882,7.49583032317854
0.3087512418366131,-0.6701258977272965,-1.5727964525481732,-5.853596508875424
-1.3707599825430605,-0.06036249439233865,1.2266639737874803,-0.3063749208152675
0.8656529228158533,-0.7110405967911112,0.6663545422501889,1.217392127126367
1.0813760344581897,0.7196681705373317,0.8261257084311929,21.530645592901624
-0.6313759884493888,-0.24841930670503823,-0.05775655837871275,-3.8936060703810504
-0.24133779145310455,-0.7308735859513859,-0.7267120259827976,-8.61405243323776
-0.8781903428100731,-1.6417032288097841,-0.21716311572416697,-12.063268076667725
0.6993804835878171,0.2756665493407744,0.13603121737437676,5.214452535087197
-1.0612222874459092,-0.7083850523381071,-0.8383111556987011,-10.220616748280069
-0.2224770102429203,-0.015779217120995174,0.5614499095511267,-4.508296893530752
-0.8589199078076716,-0.4917301080135276,-1.2595961687997215,-6.816088514813383
0.050954277011289496,0.9541895808987649,-0.33275876457522374,13.60917508069363
-1.794229271489721,0.544144752358008,-0.2040078724765029,0.5807301832936695
1.3264616423656934,0.4472120874548315,-0.6910198131753685,20.852766736374956
-0.964606424206264,-0.6161211233234792,-2.205505355019822,-6.002092067254532
0.05989468311627605,0.4662900435501895,0.44786966411125256,6.476763573228536
-0.2125230447703092,1.714831608676043,-0.7557507604402671,18.462070720885077
-0.7621145119224981,-0.832186034150062,1.3257079593243715,-11.35520112726764
-0.8877801366359354,0.17233913922918878,-0.34198227768405226,-3.4051559817788912
0.9363985435524596,-1.649216974417132,-0.5413595884312206,-3.180533045538853
-0.5256405931019397,1.3985620921255355,0.09152194677887708,10.434848187095897
0.2711701846373109,-0.3979120985908414,1.053439748630448,-0.6376320844242613
-0.8014968853943748,0.7825788808419775,-0.5634076631181697,2.744889648162782
-0.6471814318477607,-1.723228250716323,1.0147376948297768,-9.369635945642012
0.47224715008784873,1.7975393871259047,1.4403036410176226,26.706219096696397
0.9304084961111163,-0.35687152802559846,0.9903228106559455,3.6447022824762114
-0.17531640232701995,0.5456573234700275,1.6264314909922573,7.728179764728287
-1.4219198716404369,0.1508182063325938,1.2926460210124688,-2.8564049514206755
1.9979560797500047,-0.2554707861877694,1.5148822938930058,23.877560495447263
-0.8565493082342095,1.6857923026593036,1.6043263194156412,11.97633412689142
-1.5415873996717875,-1.6480462063661798,0.2080695296299638,-8.735254305224013
2.594424587768152,0.29871365999200894,-0.4292238995721983,44.13529067447082
-0.40403229385093714,0.9106456722299703,-2.262243635243806,9.911233556858033
-1.4617326882614081,-0.029856121636366265,-1.3227331195217957,-5.450750592480972
-0.6834397667886818,-0.1181707843665918,-0.4482827991587956,-5.862726610040419
0.36754489602226903,-0.14268771207346503,-0.381735087240566,1.5843860203401903
0.1903115575939397,-1.227636420410408,-0.1527944634020866,-10.109766150390868
-0.85172919725359,0.03812738409493465,-1.0007604902487501,-3.5649376781745072
1.8227236001279594,0.5127175234723987,-1.595777611441314,29.60587328852275
-0.5215796779933731,0.06859922748066052,-0.13022316646672621,-0.8301785344201613
-1.184686590411552,-0.2722761011450806,-0.1894179288117906,-2.910232362964038
0.9606933984606597,-0.48972502237302673,-0.807554041549866,5.764522643972227
1.3290628465396823,-0.27929666927837216,-0.7421521616503846,12.985703760687949
-0.8174930976162265,1.2577442174960383,-0.9401565918724067,8.814135670919859
-1.4013472930393105,-2.0866349794205425,-0.39652373901631777,-8.861020677259598
1.0304382674156047,0.040071456547775455,-0.8563028269952513,6.852960079164644
-2.0473236130579617,-0.32775491729641676,1.2598753315170155,-4.922011921091007
-1.2266216593966155,1.4558079518368434,0.24099673204512106,10.131557860017638
0.967446150050235,0.05549222544380277,-0.9723179180265172,6.901752045403015
-0.05535254802238957,1.484925598699954,-0.28044778146745414,17.71745314775252
-0.26393734859268786,-2.123890018045559,-1.1802856063511906,-11.412286833510361
0.35281660649437835,0.4595849048340562,1.012168295174788,5.683034299800244
-0.15277442354540868,0.28005786003768013,1.3841867245808201,0.652364669364685
-1.2986867221630902,1.390533967073938,1.2520019827530313,10.196756725676531
1.2760753460061875,-1.6413486088230291,-1.1446926312425976,2.0155785514587823
1.3250140528868153,-0.1550358081183258,-0.09126701972617592,8.909942957969843
0.2053325637779597,0.06606026178649259,-0.4015706755129159,1.8952432256772274
0.045134015432010274,-0.4957954945452093,0.5620131059141816,-1.8654689264499391
2.339624806020058,1.2165777137429403,-1.007909803283898,51.885109507641644
-0.2764328450158372,-0.3386821854453976,-0.6758916940010166,-4.119636683246516
-0.25957698183403943,2.0347625440211536,-0.41321702835180807,20.93130508257672
0.36448124924050557,1.0541779089389227,0.1532884691324239,14.468480644374296
1.4713219561423383,0.9508336970037996,0.6941287081378864,33.614807149485756
1.5927707544174836,0.5592989813908843,-0.3287276927366078,24.625006895032104
-0.25857263167677125,-1.063695591025548,0.6639650755262219,-11.250972252519322
0.30833124595934525,-0.4310963375107571,0.8220763567971378,-1.0315531643760858
-1.3780834670640771,0.5727513668572158,-0.21321523687182103,1.860268702648977
-0.31197610791621294,0.6775570335877171,-1.245658132865597,7.089192658926593
-0.8402903954793065,1.3071838450812574,-1.1711903354341404,8.186071548717798
-1.0068317522989838,-0.46744100962590635,0.5917269751515682,-6.39043857055999
1.6815767162673276,-0.8601533849246632,-0.47622443631466943,12.188366946376364
-0.7922866618061449,0.8591041927855306,-1.7126293226824552,5.482313063554893
-0.5316059080114549,-0.8096265760401127,0.6129523681830006,-9.082676576689346
0.3658487879168582,0.8733118360704122,0.12955452054621897,16.41208118814477
1.2978252669735855,1.1997361764150378,-1.4059670811426284,29.55368931513953
0.4811151263888354,0.45615303582705535,1.1794199812026458,10.438418254229699
2.759355114021582,-0.3575790319685979,0.8366359871577495,37.17792444112215
-0.07466797825114957,0.04108222614387957,0.1387452512901793,-1.3134065745103967
0.25871644022974605,0.5934659196032391,-1.274319367734417,7.078790725143575
0.27560067398405635,0.010185518712073464,-1.402330532885283,1.0818695201847033
1.4350493867891545,2.1982963386704926,-0.3070684868414365,51.088712063827764
0.5072389511096153,-0.9906709306271492,-1.7139153895502894,-5.673418837933385
-0.1162297003871491,-1.002668587369791,0.4050802731844854,-6.1585094216669045
-0.9474885949068795,-0.9768953867353252,-1.4108233133803365,-10.378461695823436
0.24444345596163258,-0.5895799225452156,0.1649127292546986,-4.238927936617345
1.4013448312919596,-2.1789315201949093,-0.2881314527267264,0.45632962054133364
-0.4103817936578706,-0.6296504269401813,0.7117852680970441,-6.940497171174253
0.5289436184165822,-0.653284701927889,-0.9379475952614882,-4.01895994924372
0.24614778868484416,0.07851402517417629,0.273729449524724,0.7903889635491204
0.8635196583813146,0.41780058320608143,-1.3948401928346434,12.719399658332838
-0.8047537406378693,-1.2402163364077703,0.795549551769407,-10.929902543623907
2.3466470305265617,0.9000542427640723,-0.11496176627749469,48.392653842731555
-1.2791611070282582,1.8022422297905472,0.4958506689654304,12.531445452233669
-0.3655510899860373,-0.20828510309499634,-1.3205253468280322,-5.727751840402664
0.9380925409056455,1.5743712374755716,0.49908427567176655,29.26605076773602
0.29673317249411335,0.19898949440518773,0.3062033963037085,5.142791083698992
0.8299861590811032,1.9887319185953911,0.3636978927133631,37.95341412709048
-0.49610233398256237,1.1172834656881903,0.312633963013986,5.364369070827205
-0.07480498268034107,-1.5639046348397663,-0.19346388279034774,-8.212267710990266
0.012231983638817386,0.018627370661355457,1.241299220315991,1.9768152839488735
1.5692596145359043,1.0543249749040777,-0.15589798576570357,30.011695278550125
0.690429024383049,0.030546581040616888,-0.7391692003908287,5.201182933975324
0.7966721083646714,-0.036883530845066945,-0.05872619336893859,9.950549803532335
-0.6579260925367952,1.269764750314304,-0.9505179454445303,11.686986067894866
0.9688826385630508,-0.709854182146104,-0.463996423330844,2.8915319848903622
0.22558166356880352,0.017515613278218337,-0.17724661618939888,2.9003882136603405
1.3891453156779274,0.3236257646091187,-0.3795541206458599,23.758456163594058
2.014060154918468,-0.33379096035356415,0.19939707280548574,23.147493974830393
-0.30676577602700456,-0.020129103877537476,1.9457613913063267,-4.474664163911035
-0.40630313044506255,0.7750232632241703,0.5709498398461205,7.9277455175779465
-0.8640449911023695,0.43283762149999394,1.0723006472880914,-2.0282184299825188
-0.14357951171632055,-0.8087175319795337,-0.5037094373682366,-4.693586039802051
-0.3820254489503836,-1.1041239857992617,-0.5870162885051485,-7.57913588721684
0.35950439957101016,-0.7891021802566502,-0.3781780468929897,-1.7406383886236072
-0.14456681693373594,0.0012484557884866053,0.8528890972688773,2.1434751747784633
-0.3615992807816198,-0.15993978775704282,-2.1481184782308977,-6.343389896857115
1.0645851361278518,-0.8319574932171248,-1.0331647752913673,2.8382533189582806
-0.9378802311514517,-0.5981504525164858,0.10233584683421988,-3.580003804632309
0.43310795315134365,-1.5200392851920637,-0.2240923670629287,-4.828730258364367
-0.4059417271884834,0.41785370321732596,1.9677296821430459,1.7777288975300587
0.7243685048699644,-0.04001872535163292,0.44768321574265635,4.183420326667807
1.3852615467222305,-1.2597873434052702,-0.6621914435304808,4.012892754268764
-0.3030982534240727,0.02862050418778282,-1.5776070685393473,-3.4279715628232577
0.44103290727315136,1.3426220105103532,-0.3405600349378623,17.60717331201215
0.17879286573317985,-0.7399358529652597,-1.3032200826784146,-3.3285949141406386
-0.7994223995430966,1.3151376657209723,0.46675065041843516,9.64459506671318
0.24078750974193844,-0.3234574724834238,0.16110632224167845,-2.5452139807381764
0.28912050527881217,0.19782816784986781,0.3200319320927313,5.037629752926961
0.4128708204461747,0.09775080242218528,2.079176664795037,3.3732874792132854
-0.19839889682004574,1.4015234160052454,-0.9074659814202977,18.274537373516104
0.09419230031014657,0.1584338467855317,-0.19240420779590675,2.1307714673799976
-1.1476109448431353,-1.1419014192038466,-1.212515744488909,-5.976385484045109
-0.35811407547985674,-1.3109703704412123,-0.08059851615012545,-11.170158482103695
